{
	"credit": "Made with Blockbench",
	"textures": {
		"bottom": "block/bamboo_door_bottom",
		"bottomright": "block/bamboo_door_bottom2",
		"side_v": "block/bamboo_door_sides_v",
		"side_h": "block/bamboo_door_sides_h",
		"particle": "block/bamboo_door_bottom"
	},
	"elements": [
		{
			"from": [0, 0, 0],
			"to": [3, 16, 16],
			"faces": {
				"north": {"uv": [10, 0, 13, 16], "texture": "#side_v", "cullface": "north"},
				"east": {"uv": [0, 0, 16, 16], "texture": "#bottom"},
				"south": {"uv": [0, 0, 3, 16], "texture": "#side_v", "cullface": "south"},
				"west": {"uv": [0, 0, 16, 16], "texture": "#bottomright", "cullface": "west"},
				"up": {"uv": [0, 0, 3, 16], "texture": "#side_h", "cullface": "up"},
				"down": {"uv": [0, 0, 3, 16], "texture": "#side_h", "cullface": "down"}
			}
		},
		{
			"from": [3, 12, 3],
			"to": [4, 13, 5],
			"faces": {
				"north": {"uv": [12, 3, 13, 4], "texture": "#bottom"},
				"east": {"uv": [11, 3, 13, 4], "texture": "#bottom"},
				"south": {"uv": [11, 3, 12, 4], "texture": "#bottom"},
				"up": {"uv": [11, 3, 13, 4], "rotation": 270, "texture": "#bottom"},
				"down": {"uv": [11, 3, 13, 4], "rotation": 90, "texture": "#bottom"}
			}
		},
		{
			"from": [3, 15, 3],
			"to": [4, 16, 5],
			"faces": {
				"north": {"uv": [12, 0, 13, 1], "texture": "#bottom"},
				"east": {"uv": [11, 0, 13, 1], "texture": "#bottom"},
				"south": {"uv": [11, 0, 12, 1], "texture": "#bottom"},
				"up": {"uv": [11, 0, 13, 1], "rotation": 270, "texture": "#bottom", "cullface": "up"},
				"down": {"uv": [11, 0, 13, 1], "rotation": 90, "texture": "#bottom"}
			}
		},
		{
			"from": [3, 13, 2],
			"to": [4, 15, 3],
			"faces": {
				"north": {"uv": [13, 1, 14, 3], "texture": "#bottom"},
				"east": {"uv": [13, 1, 14, 3], "texture": "#bottom"},
				"south": {"uv": [13, 1, 14, 3], "texture": "#bottom"},
				"up": {"uv": [13, 1, 14, 2], "texture": "#bottom"},
				"down": {"uv": [13, 2, 14, 3], "texture": "#bottom"}
			}
		},
		{
			"from": [3, 13, 5],
			"to": [4, 15, 6],
			"faces": {
				"north": {"uv": [10, 1, 11, 3], "texture": "#bottom"},
				"east": {"uv": [10, 1, 11, 3], "texture": "#bottom"},
				"south": {"uv": [10, 1, 11, 3], "texture": "#bottom"},
				"up": {"uv": [10, 1, 11, 2], "texture": "#bottom"},
				"down": {"uv": [10, 2, 11, 3], "texture": "#bottom"}
			}
		},
		{
			"from": [-1, 12, 3],
			"to": [0, 13, 5],
			"faces": {
				"north": {"uv": [3, 3, 4, 4], "texture": "#bottomright", "cullface": "west"},
				"south": {"uv": [4, 3, 5, 4], "texture": "#bottomright", "cullface": "west"},
				"west": {"uv": [3, 3, 5, 4], "texture": "#bottomright", "cullface": "west"},
				"up": {"uv": [3, 3, 5, 4], "rotation": 90, "texture": "#bottomright", "cullface": "west"},
				"down": {"uv": [3, 3, 5, 4], "rotation": 270, "texture": "#bottomright", "cullface": "west"}
			}
		},
		{
			"from": [-1, 15, 3],
			"to": [0, 16, 5],
			"faces": {
				"north": {"uv": [3, 0, 4, 1], "texture": "#bottomright", "cullface": "west"},
				"south": {"uv": [4, 0, 5, 1], "texture": "#bottomright", "cullface": "west"},
				"west": {"uv": [3, 0, 5, 1], "texture": "#bottomright", "cullface": "west"},
				"up": {"uv": [3, 0, 5, 1], "rotation": 90, "texture": "#bottomright", "cullface": "west"},
				"down": {"uv": [3, 0, 5, 1], "rotation": 270, "texture": "#bottomright", "cullface": "west"}
			}
		},
		{
			"from": [-1, 13, 5],
			"to": [0, 15, 6],
			"faces": {
				"north": {"uv": [5, 1, 6, 3], "texture": "#bottomright", "cullface": "west"},
				"south": {"uv": [5, 1, 6, 3], "texture": "#bottomright", "cullface": "west"},
				"west": {"uv": [5, 1, 6, 3], "texture": "#bottomright", "cullface": "west"},
				"up": {"uv": [5, 1, 6, 2], "texture": "#bottomright", "cullface": "west"},
				"down": {"uv": [5, 2, 6, 3], "texture": "#bottomright", "cullface": "west"}
			}
		},
		{
			"from": [-1, 13, 2],
			"to": [0, 15, 3],
			"faces": {
				"north": {"uv": [2, 1, 3, 3], "texture": "#bottomright", "cullface": "west"},
				"south": {"uv": [2, 1, 3, 3], "texture": "#bottomright", "cullface": "west"},
				"west": {"uv": [2, 1, 3, 3], "texture": "#bottomright", "cullface": "west"},
				"up": {"uv": [2, 1, 3, 2], "texture": "#bottomright", "cullface": "west"},
				"down": {"uv": [2, 2, 3, 3], "texture": "#bottomright", "cullface": "west"}
			}
		}
	]
}