{
	"credit": "Made by StormDragon77",
	"textures": {
		"top": "block/birch_door_top",
		"side_v": "block/birch_door_sides_v",
		"topright": "block/birch_door_top2",
		"side_h": "block/birch_door_sides_h",
		"particle": "block/birch_door_top"
	},
	"elements": [
		{
			"from": [0, 0, 0],
			"to": [3, 16, 3],
			"faces": {
				"north": {"uv": [3, 0, 6, 16], "texture": "#side_v", "cullface": "north"},
				"east": {"uv": [13, 0, 16, 16], "texture": "#topright"},
				"south": {"uv": [13, 0, 16, 16], "texture": "#side_v"},
				"west": {"uv": [0, 0, 3, 16], "texture": "#top", "cullface": "west"},
				"up": {"uv": [0, 0, 3, 3], "texture": "#side_h", "cullface": "up"},
				"down": {"uv": [3, 13, 6, 16], "texture": "#side_h"}
			}
		},
		{
			"from": [0, 0, 13],
			"to": [3, 16, 16],
			"faces": {
				"north": {"uv": [13, 0, 16, 16], "texture": "#side_v"},
				"east": {"uv": [0, 0, 3, 16], "texture": "#topright"},
				"south": {"uv": [13, 0, 16, 16], "texture": "#side_v", "cullface": "south"},
				"west": {"uv": [13, 0, 16, 16], "texture": "#top", "cullface": "west"},
				"up": {"uv": [0, 13, 3, 16], "texture": "#side_h", "cullface": "up"},
				"down": {"uv": [3, 0, 6, 3], "texture": "#side_h"}
			}
		},
		{
			"from": [0, 13, 3],
			"to": [3, 16, 13],
			"faces": {
				"east": {"uv": [3, 0, 13, 3], "texture": "#topright"},
				"west": {"uv": [3, 0, 13, 3], "texture": "#top", "cullface": "west"},
				"up": {"uv": [0, 3, 3, 13], "texture": "#side_h", "cullface": "up"},
				"down": {"uv": [0, 3, 3, 13], "texture": "#side_h"}
			}
		},
		{
			"from": [1, 0, 3],
			"to": [2, 13, 13],
			"faces": {
				"east": {"uv": [3, 3, 13, 16], "texture": "#topright"},
				"west": {"uv": [3, 3, 13, 16], "texture": "#top", "cullface": "west"},
				"down": {"uv": [3, 15, 13, 16], "texture": "#top"}
			}
		},
		{
			"from": [3, 0, 14],
			"to": [4, 2, 15],
			"faces": {
				"north": {"uv": [1, 14, 2, 16], "texture": "#topright"},
				"east": {"uv": [1, 14, 2, 16], "texture": "#topright"},
				"south": {"uv": [1, 14, 2, 16], "texture": "#topright"},
				"up": {"uv": [1, 14, 2, 15], "texture": "#topright"},
				"down": {"uv": [1, 15, 2, 16], "texture": "#topright"}
			}
		},
		{
			"from": [-1, 0, 14],
			"to": [0, 2, 15],
			"faces": {
				"north": {"uv": [14, 14, 15, 16], "texture": "#top", "cullface": "west"},
				"south": {"uv": [14, 14, 15, 16], "texture": "#top", "cullface": "west"},
				"west": {"uv": [14, 14, 15, 16], "texture": "#top", "cullface": "west"},
				"up": {"uv": [14, 14, 15, 15], "texture": "#top", "cullface": "west"},
				"down": {"uv": [14, 15, 15, 16], "texture": "#top", "cullface": "west"}
			}
		}
	]
}