{
	"credit": "Made by StormDragon77",
	"textures": {
		"particle": "block/pale_oak_door_bottom",
		"bottom": "block/pale_oak_door_bottom",
		"side_v": "block/pale_oak_door_sides_v",
		"bottomright": "block/pale_oak_door_bottom2",
		"side_h": "block/pale_oak_door_sides_h"
	},
	"elements": [
		{
			"from": [0, 0, 0],
			"to": [3, 16, 16],
			"faces": {
				"north": {"uv": [0, 0, 3, 16], "texture": "#side_v", "cullface": "north"},
				"east": {"uv": [0, 0, 16, 16], "texture": "#bottomright"},
				"south": {"uv": [10, 0, 13, 16], "texture": "#side_v", "cullface": "south"},
				"west": {"uv": [0, 0, 16, 16], "texture": "#bottom", "cullface": "west"},
				"up": {"uv": [12, 0, 15, 16], "texture": "#side_h"},
				"down": {"uv": [0, 0, 3, 16], "texture": "#side_h", "cullface": "down"}
			}
		},
		{
			"from": [-1, 12, 10],
			"to": [0, 13, 14],
			"rotation": {"angle": 0, "axis": "y", "origin": [-1, 12, 10]},
			"faces": {
				"north": {"uv": [10, 3, 11, 4], "texture": "#bottom", "cullface": "west"},
				"south": {"uv": [13, 3, 14, 4], "texture": "#bottom", "cullface": "west"},
				"west": {"uv": [10, 3, 14, 4], "texture": "#bottom", "cullface": "west"},
				"up": {"uv": [10, 3, 14, 4], "rotation": 90, "texture": "#bottom", "cullface": "west"},
				"down": {"uv": [14, 3, 10, 4], "rotation": 90, "texture": "#bottom", "cullface": "west"}
			}
		},
		{
			"from": [-1, 15, 11],
			"to": [0, 16, 13],
			"rotation": {"angle": 0, "axis": "y", "origin": [-1, 15, 11]},
			"faces": {
				"north": {"uv": [11, 0, 12, 1], "texture": "#bottom", "cullface": "west"},
				"south": {"uv": [12, 0, 13, 1], "texture": "#bottom", "cullface": "west"},
				"west": {"uv": [11, 0, 13, 1], "texture": "#bottom", "cullface": "west"},
				"up": {"uv": [11, 0, 13, 1], "rotation": 90, "texture": "#bottom", "cullface": "west"},
				"down": {"uv": [13, 0, 11, 1], "rotation": 90, "texture": "#bottom", "cullface": "west"}
			}
		},
		{
			"from": [-1, 13, 10],
			"to": [0, 15, 11],
			"rotation": {"angle": 0, "axis": "y", "origin": [-1, 13, 10]},
			"faces": {
				"north": {"uv": [10, 1, 11, 3], "texture": "#bottom", "cullface": "west"},
				"south": {"uv": [10, 1, 11, 3], "texture": "#bottom", "cullface": "west"},
				"west": {"uv": [10, 1, 11, 3], "texture": "#bottom", "cullface": "west"},
				"up": {"uv": [10, 1, 11, 2], "rotation": 90, "texture": "#bottom", "cullface": "west"}
			}
		},
		{
			"from": [-1, 13, 13],
			"to": [0, 15, 14],
			"rotation": {"angle": 0, "axis": "y", "origin": [-1, 13, 13]},
			"faces": {
				"north": {"uv": [13, 1, 14, 3], "texture": "#bottom", "cullface": "west"},
				"south": {"uv": [13, 1, 14, 3], "texture": "#bottom", "cullface": "west"},
				"west": {"uv": [13, 1, 14, 3], "texture": "#bottom", "cullface": "west"},
				"up": {"uv": [13, 1, 14, 2], "rotation": 90, "texture": "#bottom", "cullface": "west"}
			}
		},
		{
			"from": [3, 12, 10],
			"to": [4, 13, 14],
			"rotation": {"angle": 0, "axis": "y", "origin": [3, 12, 10]},
			"faces": {
				"north": {"uv": [5, 3, 6, 4], "texture": "#bottomright"},
				"east": {"uv": [2, 3, 6, 4], "texture": "#bottomright"},
				"south": {"uv": [2, 3, 3, 4], "texture": "#bottomright"},
				"up": {"uv": [6, 3, 2, 4], "rotation": 90, "texture": "#bottomright"},
				"down": {"uv": [2, 3, 6, 4], "rotation": 90, "texture": "#bottomright"}
			}
		},
		{
			"from": [3, 15, 11],
			"to": [4, 16, 13],
			"rotation": {"angle": 0, "axis": "y", "origin": [3, 15, 11]},
			"faces": {
				"north": {"uv": [4, 0, 5, 1], "texture": "#bottomright"},
				"east": {"uv": [3, 0, 5, 1], "texture": "#bottomright"},
				"south": {"uv": [3, 0, 4, 1], "texture": "#bottomright"},
				"up": {"uv": [5, 0, 3, 1], "rotation": 90, "texture": "#bottomright"},
				"down": {"uv": [3, 0, 5, 1], "rotation": 90, "texture": "#bottomright"}
			}
		},
		{
			"from": [3, 13, 10],
			"to": [4, 15, 11],
			"rotation": {"angle": 0, "axis": "y", "origin": [3, 13, 10]},
			"faces": {
				"north": {"uv": [5, 1, 6, 3], "texture": "#bottomright"},
				"east": {"uv": [5, 1, 6, 3], "texture": "#bottomright"},
				"south": {"uv": [5, 1, 6, 3], "texture": "#bottomright"},
				"up": {"uv": [6, 1, 5, 2], "rotation": 90, "texture": "#bottomright"}
			}
		},
		{
			"from": [3, 13, 13],
			"to": [4, 15, 14],
			"rotation": {"angle": 0, "axis": "y", "origin": [3, 13, 13]},
			"faces": {
				"north": {"uv": [2, 1, 3, 3], "texture": "#bottomright"},
				"east": {"uv": [2, 1, 3, 3], "texture": "#bottomright"},
				"south": {"uv": [2, 1, 3, 3], "texture": "#bottomright"},
				"up": {"uv": [3, 1, 2, 2], "rotation": 90, "texture": "#bottomright"}
			}
		}
	]
}