{
	"credit": "Made by StormDragon77",
	"textures": {
		"particle": "block/pale_oak_door_top2",
		"top": "block/pale_oak_door_top2",
		"side_v": "block/pale_oak_door_sides_v",
		"topright": "block/pale_oak_door_top",
		"side_h": "block/pale_oak_door_sides_h"
	},
	"elements": [
		{
			"from": [0, 0, 0],
			"to": [3, 16, 16],
			"faces": {
				"north": {"uv": [13, 0, 16, 16], "texture": "#side_v", "cullface": "north"},
				"east": {"uv": [0, 0, 16, 16], "texture": "#topright"},
				"south": {"uv": [3, 0, 6, 16], "texture": "#side_v", "cullface": "south"},
				"west": {"uv": [0, 0, 16, 16], "texture": "#top", "cullface": "west"},
				"up": {"uv": [0, 0, 3, 16], "texture": "#side_h", "cullface": "up"},
				"down": {"uv": [6, 0, 9, 16], "texture": "#side_h"}
			}
		},
		{
			"from": [3, 0, 3],
			"to": [4, 1, 5],
			"rotation": {"angle": 0, "axis": "y", "origin": [3, 0, 3]},
			"faces": {
				"north": {"uv": [11, 15, 12, 16], "texture": "#topright"},
				"east": {"uv": [11, 15, 13, 16], "texture": "#topright"},
				"south": {"uv": [12, 15, 13, 16], "texture": "#topright"},
				"up": {"uv": [11, 15, 13, 16], "rotation": 90, "texture": "#topright"},
				"down": {"uv": [13, 15, 11, 16], "rotation": 90, "texture": "#topright"}
			}
		},
		{
			"from": [-1, 0, 3],
			"to": [0, 1, 5],
			"rotation": {"angle": 0, "axis": "y", "origin": [-1, 0, 3]},
			"faces": {
				"north": {"uv": [3, 15, 4, 16], "texture": "#top", "cullface": "west"},
				"south": {"uv": [4, 15, 5, 16], "texture": "#top", "cullface": "west"},
				"west": {"uv": [3, 15, 5, 16], "texture": "#top", "cullface": "west"},
				"up": {"uv": [3, 15, 5, 16], "rotation": 90, "texture": "#top", "cullface": "west"},
				"down": {"uv": [5, 15, 3, 16], "rotation": 90, "texture": "#top", "cullface": "west"}
			}
		}
	]
}